{"cameraMode":{"drawMode":0,"name":"Shaded","section":"Shading Mode"},"sceneLighting":true,"audioPlay":false,"sceneViewState":{"showFog":true,"showMaterialUpdate":false,"showSkybox":true,"showFlares":true,"showImageEffects":true,"showParticleSystems":true},"in2DMode":false,"pivot":{"x":-0.1262083649635315,"y":0.3354475796222687,"z":0.1451839804649353},"rotation":{"x":-0.12038847804069519,"y":-0.1344815045595169,"z":0.016462652012705804,"w":-0.9834403395652771},"size":1.111615777015686,"orthographic":false}